V1_0,T_0,beta,delta,p,c,xi,k,alpha,phi,gamma12,gamma21,gamma23,gamma32,r,mu
59.996963413990606,500034.5349769783,-4.5167007830702985,-10.0,-10.0,-10.0,-10.0,-5.724766775827713,-10.0,-10.0,-1.008025396829861,0.8489638327628239,-0.2249085635132911,0.9985716217543047,-6.010764344231204,-10.0
59.996963413990606,500034.5349769783,-5.564883340616443,-10.0,-10.0,-10.0,-10.0,-5.327677583994498,-10.0,-10.0,-1.008025396829861,0.8489638327628239,-0.2249085635132911,0.9985716217543047,-6.010764344231204,-10.0
59.996963413990606,500034.5349769783,-4.570799540004936,-10.0,-10.0,-10.0,-10.0,-5.7375721278662395,-10.0,-10.0,-1.008025396829861,0.8489638327628239,-0.2249085635132911,0.9985716217543047,-6.010764344231204,-10.0
