V1_0,T_0,beta,delta,p,c,xi,k,alpha,phi,gamma12,gamma21,gamma23,gamma32,r,mu
152.87357868662787,1e-10,-4.852854340456686,-10.0,-10.0,-10.0,-0.4518455837953868,-10.0,-5.458951559313474,-10.0,-0.2915885611107377,-0.9778165420237789,0.012257585527834736,-2.8315771212031406,-10.0,-10.0
152.87357868662787,1e-10,-6.02050328347442,-10.0,-10.0,-10.0,-4.541191809447755,-10.0,-2.11963821488281,-10.0,-0.2915885611107377,-0.9778165420237789,0.012257585527834736,-2.8315771212031406,-10.0,-10.0
152.87357868662787,1e-10,-6.766926827216593,-10.0,-10.0,-10.0,-3.7250893905152327,-10.0,-2.0065457972723593,-10.0,-0.2915885611107377,-0.9778165420237789,0.012257585527834736,-2.8315771212031406,-10.0,-10.0
