V1_0,T_0,beta,delta,p,c,xi,k,alpha,phi,gamma12,gamma21,gamma23,gamma32,r,mu
138.00505866067283,1e-10,-4.832504471353217,-10.0,-10.0,-10.0,-5.12201108937482,-10.0,-10.0,-10.0,-0.23934711656123875,-2.076565653554622,-0.15253861896580317,-1.2855111821795229,-10.0,-10.0
138.00505866067283,1e-10,-4.524066644865169,-10.0,-10.0,-10.0,-4.967772826646178,-10.0,-10.0,-10.0,-0.23934711656123875,-2.076565653554622,-0.15253861896580317,-1.2855111821795229,-10.0,-10.0
138.00505866067283,1e-10,-6.493364422604496,-10.0,-10.0,-10.0,-4.546880127646678,-10.0,-10.0,-10.0,-0.23934711656123875,-2.076565653554622,-0.15253861896580317,-1.2855111821795229,-10.0,-10.0
