V1_0,T_0,beta,delta,p,c,xi,k,alpha,phi,gamma12,gamma21,gamma23,gamma32,r,mu
136.7931020272291,1e-10,-4.834548309992228,-10.0,-10.0,-10.0,-10.0,-10.0,-10.0,-10.0,-0.20853140403490267,-2.5023757303292986,-0.17014572580031517,-3.8085309930569506,-10.0,-10.0
136.7931020272291,1e-10,-6.621240478666882,-10.0,-10.0,-10.0,-10.0,-10.0,-10.0,-10.0,-0.20853140403490267,-2.5023757303292986,-0.17014572580031517,-3.8085309930569506,-10.0,-10.0
136.7931020272291,1e-10,-6.563717872184288,-10.0,-10.0,-10.0,-10.0,-10.0,-10.0,-10.0,-0.20853140403490267,-2.5023757303292986,-0.17014572580031517,-3.8085309930569506,-10.0,-10.0
