V1_0,T_0,beta,xi,k,alpha,gamma12,gamma21,gamma23,gamma32,r,LRSS
41.30629066584672,500034.5349769783,-4.480278745955541,-10.0,-5.725275664157651,-10.0,-1.0103441590061912,0.8749696127591103,-0.22538432181713725,1.0,-6.00453122283653,9.802613827143679
41.30629066584672,500034.5349769783,-6.122451710652068,-10.0,-5.636423322831441,-10.0,-1.0103441590061912,0.8749696127591103,-0.22538432181713725,1.0,-6.00453122283653,9.802613827143679
41.30629066584672,500034.5349769783,-4.566417770236043,-10.0,-5.7178748408108095,-10.0,-1.0103441590061912,0.8749696127591103,-0.22538432181713725,1.0,-6.00453122283653,9.802613827143679
